{"cameraMode":{"drawMode":0,"name":"Shaded","section":"Shading Mode"},"sceneLighting":true,"audioPlay":false,"sceneViewState":{"m_AlwaysRefresh":false,"showFog":true,"showSkybox":true,"showFlares":true,"showImageEffects":true,"showParticleSystems":true,"showVisualEffectGraphs":true,"m_FxEnabled":true},"in2DMode":false,"pivot":{"x":116.45726013183594,"y":0.00029686465859413147,"z":39.98017883300781},"rotation":{"x":0.713182270526886,"y":0.018916970118880273,"z":-0.01926056668162346,"w":0.7004591822624207},"size":0.01017723698168993,"orthographic":false}